Workbook

Sheet 2025-2026
A1: TARIFA x PERSONA | B1: $
A3: Dia 1 traslado | B3: Dia 1 mediodia | C3: Día 2 full | D3: Día 3 full | E3: Día 4 full | F3: Día 5 full | G3: Día 6 full | H3: Día 7 full | I3: Día 8 full | J3: Día 9 full | K3: Día 10 full | L3: Día 11 full | M3: Día 12 full | N3: Día 13 full | O3: Día 14 full | P3: Día 15 traslado
A4: 200000 | B4: 350000 | C4: 400000 | D4: =+C4 -> 400000 | E4: =+D4 -> 400000 | F4: =+E4 -> 400000 | G4: =+F4 -> 400000 | H4: =+G4 -> 400000 | I4: =+H4 -> 400000 | J4: =+I4 -> 400000 | K4: =+J4 -> 400000 | ... O4: =+N4 -> 400000 | P4: 200000
C5: 1 noche | D5: 2 noches | E5: 3 noches | F5: 4 noches | G5: 5 noches | H5: 6 noches | I5: 7 noches | J5: 8 noches | K5: 9 noches | L5: 10 noches | M5: 11 noches | N5: 12 noches | O5: 13 noches | P5: 14 noches
A6: Base single | C6: =+C7*1.4 -> 770000 | D6: =+D7*1.4 -> 1330000 | E6: =+E7*1.4 -> 1890000 | F6: =+F7*1.4 -> 2450000 | G6: =+G7*1.4 -> 3010000 | H6: =+H7*1.4 -> 3570000 | I6: =+I7*1.4 -> 4130000 | J6: =+J7*1.4 -> 4690000 | ... P6: =+P7*1.4 -> 8050000
A7: Base doble | C7: =($A4/2)+B4+($P4/2) -> 550000 | D7: =($A4/2)+C4+B4+($P4/2) -> 950000 | E7: =($A4/2)+B4+D4+C4+($P4/2) -> 1350000 | F7: =($A4/2)+B4+C4+E4+D4+($P4/2) -> 1750000 | G7: =($A4/2)+B4+C4+D4+F4+E4+($P4/2) -> 2150000 | H7: =($A4/2)+B4+C4+D4+E4+G4+F4+($P4/2) -> 2550000 | I7: =($A4/2)+B4+C4+D4+E4+F4+H4+G4+($P4/2) -> 2950000 | J7: =($A4/2)+B4+C4+D4+E4+F4+G4+I4+H4+($P4/2) -> 3350000 | K7: =($A4/2)+B4+C4+D4+E4+F4+G4+H4+J4+I4+($P4/2) -> 3750000 | L7: =($A4/2)+B4+C4+D4+E4+F4+G4+H4+I4+K4+J4+($P4/2) -> 4150000 | M7: =($A4/2)+B4+C4+D4+E4+F4+G4+H4+I4+J4+L4+K4+($P4/2) -> 4550000 | N7: =($A4/2)+B4+C4+D4+E4+F4+G4+H4+I4+J4+K4+M4+L4+($P4/2) -> 4950000 | O7: =($A4/2)+B4+C4+D4+E4+F4+G4+H4+I4+J4+K4+L4+N4+M4+($P4/2) -> 5350000 | P7: =($A4/2)+B4+C4+D4+E4+F4+G4+H4+I4+J4+K4+L4+M4+O4+N4+($P4/2) -> 5750000
A8: Non angler nacional | C8: =+C7 -> 550000 | D8: =+D7 -> 950000 | E8: =+E7 -> 1350000 | F8: =+F7 -> 1750000 | G8: =+G7 -> 2150000 | H8: =+H7 -> 2550000 | I8: =+I7 -> 2950000 | J8: =+J7 -> 3350000 | ... P8: =+P7 -> 5750000
F9: =+F7/'2024-2025'!F8-1 -> 0.09375
A10: TARIFA x PERSONA | B10: USD
C11: 1 noche | D11: 2 noches | E11: 3 noches | F11: 4 noches | G11: 5 noches | H11: 6 noches | I11: 7 noches | J11: 8 noches | K11: 9 noches | L11: 10 noches | M11: 11 noches | N11: 12 noches | O11: 13 noches | P11: 14 noches
A12: Día 1 traslado | B12: Día 1; 1/2 dia | C12: Día 2 full | D12: Día 3 full | E12: Día 4 full | F12: Día 5 full | G12: Día 6 full | H12: Día 7 full | I12: Día 8 full | J12: Día 9 full | K12: Día 10 full | L12: Día 11 full | M12: Día 12 full | N12: Día 13 full | O12: Día 14 full | P12: Día 15 traslado
A13: 350 | B13: 1000 | C13: 900 | D13: =+C13 -> 900 | E13: =+D13 -> 900 | F13: =+E13 -> 900 | G13: =+F13 -> 900 | H13: =+G13 -> 900 | I13: =+H13 -> 900 | J13: =+I13 -> 900 | K13: =+J13 -> 900 | ... O13: =+N13 -> 900 | P13: =+A13 -> 350
C14: 1 noche | D14: 2 noches | E14: 3 noches | F14: 4 noches | G14: 5 noches | H14: 6 noches | I14: 7 noches | J14: 8 noches | K14: 9 noches | L14: 10 noches | M14: 11 noches | N14: 12 noches | O14: 13 noches | P14: 14 noches
A15: Base single | C15: =+C16*1.4 -> 1890 | D15: =+D16*1.4 -> 3150 | E15: =+E16*1.4 -> 4410 | F15: =+F16*1.4 -> 5670 | G15: =+G16*1.4 -> 6930 | H15: =+H16*1.4 -> 8190 | I15: =+I16*1.4 -> 9450 | J15: =+J16*1.4 -> 10710 | ... P15: =+P16*1.4 -> 18270
A16: Base doble | C16: =($A13/2)+B13+($P13/2) -> 1350 | D16: =($A13/2)+C13+B13+($P13/2) -> 2250 | E16: =($A13/2)+B13+D13+C13+($P13/2) -> 3150 | F16: =($A13/2)+B13+C13+E13+D13+($P13/2) -> 4050 | G16: =($A13/2)+B13+C13+D13+F13+E13+($P13/2) -> 4950 | H16: =($A13/2)+B13+C13+D13+E13+G13+F13+($P13/2) -> 5850 | I16: =($A13/2)+B13+C13+D13+E13+F13+H13+G13+($P13/2) -> 6750 | J16: =($A13/2)+B13+C13+D13+E13+F13+G13+I13+H13+($P13/2) -> 7650 | K16: =($A13/2)+B13+C13+D13+E13+F13+G13+H13+J13+I13+($P13/2) -> 8550 | L16: =($A13/2)+B13+C13+D13+E13+F13+G13+H13+I13+K13+J13+($P13/2) -> 9450 | M16: =($A13/2)+B13+C13+D13+E13+F13+G13+H13+I13+J13+L13+K13+($P13/2) -> 10350 | N16: =($A13/2)+B13+C13+D13+E13+F13+G13+H13+I13+J13+K13+M13+L13+($P13/2) -> 11250 | O16: =($A13/2)+B13+C13+D13+E13+F13+G13+H13+I13+J13+K13+L13+N13+M13+($P13/2) -> 12150 | P16: =($A13/2)+B13+C13+D13+E13+F13+G13+H13+I13+J13+K13+L13+M13+O13+N13+($P13/2) -> 13050
A17: Non angler | C17: =+C16*0.7 -> 945 | D17: =+D16*0.7 -> 1575 | E17: =+E16*0.7 -> 2205 | F17: =+F16*0.7 -> 2835 | G17: =+G16*0.7 -> 3465 | H17: =+H16*0.7 -> 4095 | I17: =+I16*0.7 -> 4725 | J17: =+J16*0.7 -> 5355 | ... P17: =+P16*0.7 -> 9135
I18: =+I16/'2024-2025'!I18-1 -> 0.10655738
A19: TARIFAS DÍA DE PESCA (BASE DOBLE)
C20: $ | D20: USD
A21: 1/2 DÍA | C21: 350000 | D21: 390 | E21: =+C21/'2024-2025'!C23-1 -> 0.16666667 | F21: * 4 HORAS DE PESCA. INCLUYE AGUA Y BEBIDAS NO ALCOHÓLICAS.
A22: DIA COMPLETO | C22: 500000 | D22: 550 | E22: =+C22/'2024-2025'!C24-1 -> 0.11111111 | F22: * 8 HORAS DE PESCA. INCLUYE BOX LUNCH.
A24: 20% Comisión Venta Nacional
A25: 20% Comisión Venta Internacional
A27: Hosted Trips | B27: Sobre 5 Clientes

Sheet 2024-2025
A1: TARIFA x PERSONA | B1: $
A3: Dia 1 traslado | B3: Dia 1 mediodia | C3: Día 2 full | D3: Día 3 full | E3: Día 4 full | F3: Día 5 full | G3: Día 6 full | H3: Día 7 full | I3: Día 8 full | J3: Día 9 full | K3: Día 10 full | L3: Día 11 full | M3: Día 12 full | N3: Día 13 full | O3: Día 14 full | P3: Día 15 traslado
A4: 200000 | B4: 275000 | C4: 375000 | D4: =+C4 -> 375000 | E4: =+D4 -> 375000 | F4: =+E4 -> 375000 | G4: =+F4 -> 375000 | H4: =+G4 -> 375000 | I4: =+H4 -> 375000 | J4: =+I4 -> 375000 | K4: =+J4 -> 375000 | ... O4: =+N4 -> 375000 | P4: 200000
C6: 1 noche | D6: 2 noches | E6: 3 noches | F6: 4 noches | G6: 5 noches | H6: 6 noches | I6: 7 noches | J6: 8 noches | K6: 9 noches | L6: 10 noches | M6: 11 noches | N6: 12 noches | O6: 13 noches | P6: 14 noches
A7: Base single | C7: =+C8*1.4 -> 665000 | D7: =+D8*1.4 -> 1190000 | E7: =+E8*1.4 -> 1715000 | F7: =+F8*1.4 -> 2240000 | G7: =+G8*1.4 -> 2765000 | H7: =+H8*1.4 -> 3290000 | I7: =+I8*1.4 -> 3815000 | J7: =+J8*1.4 -> 4340000 | ... P7: =+P8*1.4 -> 7490000
A8: Base doble | C8: =($A4/2)+B4+($P4/2) -> 475000 | D8: =($A4/2)+C4+B4+($P4/2) -> 850000 | E8: =($A4/2)+B4+D4+C4+($P4/2) -> 1225000 | F8: =($A4/2)+B4+C4+E4+D4+($P4/2) -> 1600000 | G8: =($A4/2)+B4+C4+D4+F4+E4+($P4/2) -> 1975000 | H8: =($A4/2)+B4+C4+D4+E4+G4+F4+($P4/2) -> 2350000 | I8: =($A4/2)+B4+C4+D4+E4+F4+H4+G4+($P4/2) -> 2725000 | J8: =($A4/2)+B4+C4+D4+E4+F4+G4+I4+H4+($P4/2) -> 3100000 | K8: =($A4/2)+B4+C4+D4+E4+F4+G4+H4+J4+I4+($P4/2) -> 3475000 | L8: =($A4/2)+B4+C4+D4+E4+F4+G4+H4+I4+K4+J4+($P4/2) -> 3850000 | M8: =($A4/2)+B4+C4+D4+E4+F4+G4+H4+I4+J4+L4+K4+($P4/2) -> 4225000 | N8: =($A4/2)+B4+C4+D4+E4+F4+G4+H4+I4+J4+K4+M4+L4+($P4/2) -> 4600000 | O8: =($A4/2)+B4+C4+D4+E4+F4+G4+H4+I4+J4+K4+L4+N4+M4+($P4/2) -> 4975000 | P8: =($A4/2)+B4+C4+D4+E4+F4+G4+H4+I4+J4+K4+L4+M4+O4+N4+($P4/2) -> 5350000
A9: Non angler nacional | C9: =+C8 -> 475000 | D9: =+D8 -> 850000 | E9: =+E8 -> 1225000 | F9: =+F8 -> 1600000 | G9: =+G8 -> 1975000 | H9: =+H8 -> 2350000 | I9: =+I8 -> 2725000 | J9: =+J8 -> 3100000 | ... P9: =+P8 -> 5350000
A11: TARIFA x PERSONA | B11: USD
C12: 1 noche | D12: 2 noches | E12: 3 noches | F12: 4 noches | G12: 5 noches | H12: 6 noches | I12: 7 noches | J12: 8 noches | K12: 9 noches | L12: 10 noches | M12: 11 noches | N12: 12 noches | O12: 13 noches | P12: 14 noches
A13: Día 1 traslado | B13: Día 1 medioDía | C13: Día 2 full | D13: Día 3 full | E13: Día 4 full | F13: Día 5 full | G13: Día 6 full | H13: Día 7 full | I13: Día 8 full | J13: Día 9 full | K13: Día 10 full | L13: Día 11 full | M13: Día 12 full | N13: Día 13 full | O13: Día 14 full | P13: Día 15 traslado
A14: 250 | B14: 450 | C14: 900 | D14: =+C14 -> 900 | E14: =+D14 -> 900 | F14: =+E14 -> 900 | G14: =+F14 -> 900 | H14: =+G14 -> 900 | I14: =+H14 -> 900 | J14: =+I14 -> 900 | K14: =+J14 -> 900 | ... O14: =+N14 -> 900 | P14: 250
C16: 1 noche | D16: 2 noches | E16: 3 noches | F16: 4 noches | G16: 5 noches | H16: 6 noches | I16: 7 noches | J16: 8 noches | K16: 9 noches | L16: 10 noches | M16: 11 noches | N16: 12 noches | O16: 13 noches | P16: 14 noches
A17: Base single | C17: =+C18*1.4 -> 980 | D17: =+D18*1.4 -> 2240 | E17: =+E18*1.4 -> 3500 | F17: =+F18*1.4 -> 4760 | G17: =+G18*1.4 -> 6020 | H17: =+H18*1.4 -> 7280 | I17: =+I18*1.4 -> 8540 | J17: =+J18*1.4 -> 9800 | ... P17: =+P18*1.4 -> 17360
A18: Base doble | C18: =($A14/2)+B14+($P14/2) -> 700 | D18: =($A14/2)+C14+B14+($P14/2) -> 1600 | E18: =($A14/2)+B14+D14+C14+($P14/2) -> 2500 | F18: =($A14/2)+B14+C14+E14+D14+($P14/2) -> 3400 | G18: =($A14/2)+B14+C14+D14+F14+E14+($P14/2) -> 4300 | H18: =($A14/2)+B14+C14+D14+E14+G14+F14+($P14/2) -> 5200 | I18: =($A14/2)+B14+C14+D14+E14+F14+H14+G14+($P14/2) -> 6100 | J18: =($A14/2)+B14+C14+D14+E14+F14+G14+I14+H14+($P14/2) -> 7000 | K18: =($A14/2)+B14+C14+D14+E14+F14+G14+H14+J14+I14+($P14/2) -> 7900 | L18: =($A14/2)+B14+C14+D14+E14+F14+G14+H14+I14+K14+J14+($P14/2) -> 8800 | M18: =($A14/2)+B14+C14+D14+E14+F14+G14+H14+I14+J14+L14+K14+($P14/2) -> 9700 | N18: =($A14/2)+B14+C14+D14+E14+F14+G14+H14+I14+J14+K14+M14+L14+($P14/2) -> 10600 | O18: =($A14/2)+B14+C14+D14+E14+F14+G14+H14+I14+J14+K14+L14+N14+M14+($P14/2) -> 11500 | P18: =($A14/2)+B14+C14+D14+E14+F14+G14+H14+I14+J14+K14+L14+M14+O14+N14+($P14/2) -> 12400
A19: Non angler | C19: =+C18*0.7 -> 490 | D19: =+D18*0.7 -> 1120 | E19: =+E18*0.7 -> 1750 | F19: =+F18*0.7 -> 2380 | G19: =+G18*0.7 -> 3010 | H19: =+H18*0.7 -> 3640 | I19: =+I18*0.7 -> 4270 | J19: =+J18*0.7 -> 4900 | ... P19: =+P18*0.7 -> 8680
A21: TARIFAS DÍA DE PESCA (BASE DOBLE)
C22: $ | D22: USD
A23: 1/2 DÍA | C23: 300000 | D23: 330 | F23: * 4 HORAS DE PESCA. INCLUYE AGUA Y BEBIDAS NO ALCOHÓLICAS.
A24: DIA COMPLETO | C24: 450000 | D24: 500 | F24: * 8 HORAS DE PESCA. INCLUYE BOX LUNCH.
A26: 20% Comisión Venta Nacional
A27: 20% Comisión Venta Internacional
A29: Hosted Trips | B29: Sobre 5 Clientes

Sheet 2023-2024
A1: TARIFA x PERSONA | B1: $
C2: 1 noche | D2: 2 noches | E2: 3 noches | F2: 4 noches | G2: 5 noches | H2: 6 noches | I2: 7 noches
A3: Dia 1 traslado | B3: Dia 1 mediodia | C3: Dia 2 full | D3: Dia 3 full | E3: Dia 4 full | F3: Dia 5 full | G3: Dia 6 full | H3: Dia 7 full | I3: Dia 8 vuelta
A4: 200000 | B4: 250000 | C4: 350000 | D4: =+C4 -> 350000 | E4: =+D4 -> 350000 | F4: =+E4 -> 350000 | G4: =+F4 -> 350000 | H4: =+G4 -> 350000 | I4: =+A4 -> 200000
A7: Base single | C7: =+C8*1.4 -> 630000 | D7: =+D8*1.4 -> 1120000 | E7: =+E8*1.4 -> 1610000 | F7: =+F8*1.4 -> 2100000 | G7: =+G8*1.4 -> 2590000 | H7: =+H8*1.4 -> 3080000 | I7: =+I8*1.4 -> 3570000
A8: Base doble | C8: =(A4/2)+B4+(I4/2) -> 450000 | D8: =(A4/2)+C4+B4+(I4/2) -> 800000 | E8: =(A4/2)+B4+D4+C4+(I4/2) -> 1150000 | F8: =(A4/2)+B4+D4+C4+E4+(I4/2) -> 1500000 | G8: =(A4/2)+B4+C4+D4+E4+F4+(I4/2) -> 1850000 | H8: =(A4/2)+B4+C4+D4+E4+F4+G4+(I4/2) -> 2200000 | I8: =(A4/2)+B4+C4+D4+E4+F4+G4+H4+(I4/2) -> 2550000
A10: TARIFA x PERSONA | B10: USD
C11: 1 noche | D11: 2 noches | E11: 3 noches | F11: 4 noches | G11: 5 noches | H11: 6 noches | I11: 7 noches
A12: Dia 1 traslado | B12: Dia 1 mediodia | C12: Dia 2 full | D12: Dia 3 full | E12: Dia 4 full | F12: Dia 5 full | G12: Dia 6 full | H12: Dia 7 full | I12: Dia 8 vuelta
A13: 250 | B13: 450 | C13: 750 | D13: =+C13 -> 750 | E13: =+D13 -> 750 | F13: =+E13 -> 750 | G13: =+F13 -> 750 | H13: =+G13 -> 750 | I13: =+A13 -> 250
A16: Base single | C16: =+C17*1.4 -> 980 | D16: =+D17*1.4 -> 2030 | E16: =+E17*1.4 -> 3080 | F16: =+F17*1.4 -> 4130 | G16: =+G17*1.4 -> 5180 | H16: =+H17*1.4 -> 6230 | I16: =+I17*1.4 -> 7280
A17: Base doble | C17: =(A13/2)+B13+(I13/2) -> 700 | D17: =(A13/2)+C13+B13+(I13/2) -> 1450 | E17: =(A13/2)+B13+D13+C13+(I13/2) -> 2200 | F17: =(A13/2)+B13+D13+C13+E13+(I13/2) -> 2950 | G17: =(A13/2)+B13+C13+D13+E13+F13+(I13/2) -> 3700 | H17: =(A13/2)+B13+C13+D13+E13+F13+G13+(I13/2) -> 4450 | I17: =(A13/2)+B13+C13+D13+E13+F13+G13+H13+(I13/2) -> 5200
A20: TARIFAS DÍA DE PESCA (BASE DOBLE)
C21: $ | D21: USD
A22: 2 HORAS | C22: 200000 | D22: 300 | F22: * 2 HORAS DE PESCA. INCLUYE AGUA Y BEBIDAS NO ALCOHÓLICAS.
A23: 1/2 DÍA | C23: 300000 | D23: 400 | F23: * 4 HORAS DE PESCA. INCLUYE AGUA Y BEBIDAS NO ALCOHÓLICAS.
A24: DIA COMPLETO | C24: 450000 | D24: 600 | F24: * 8 HORAS DE PESCA. INCLUYE BOX LUNCH.
A27: 15% Comisión Venta Nacional | C27: Hasta 5 cañas
A28: 20% Comisión Venta Nacional | C28: 6 cañas o más
A29: 20% Comisión Venta Internacional
A31: Hosted Trips | B31: Sobre 7 clientes
B32: Siempre la caña par

Sheet DIR
A6: PROGRAMA PESCA NACIONAL | B6: 1 noche | C6: 2 noches | D6: 3 noches | E6: 4 noches | F6: 5 noches | G6: 6 noches | H6: 7 noches | I6: VAR
A7: Base single | B7: =+'2024-2025'!C7 -> 665000 | C7: =+'2024-2025'!D7 -> 1190000 | D7: =+'2024-2025'!E7 -> 1715000 | E7: =+'2024-2025'!F7 -> 2240000 | F7: =+'2024-2025'!G7 -> 2765000 | G7: =+'2024-2025'!H7 -> 3290000 | H7: =+'2024-2025'!I7 -> 3815000 | I7: =+E7/'2023-2024'!F7-1 -> 0.066666667
A8: Base doble | B8: =+'2024-2025'!C8 -> 475000 | C8: =+'2024-2025'!D8 -> 850000 | D8: =+'2024-2025'!E8 -> 1225000 | E8: =+'2024-2025'!F8 -> 1600000 | F8: =+'2024-2025'!G8 -> 1975000 | G8: =+'2024-2025'!H8 -> 2350000 | H8: =+'2024-2025'!I8 -> 2725000 | I8: =+E8/'2023-2024'!F8-1 -> 0.066666667
A11: PROGRAMA PESCA EXTRANJEROS | B11: 1 noche | C11: 2 noches | D11: 3 noches | E11: 4 noches | F11: 5 noches | G11: 6 noches | H11: 7 noches | I11: VAR
A12: Base single | B12: =+'2024-2025'!C17 -> 980 | C12: =+'2024-2025'!D17 -> 2240 | D12: =+'2024-2025'!E17 -> 3500 | E12: =+'2024-2025'!F17 -> 4760 | F12: =+'2024-2025'!G17 -> 6020 | G12: =+'2024-2025'!H17 -> 7280 | H12: =+'2024-2025'!I17 -> 8540 | I12: =+H12/'2023-2024'!I16-1 -> 0.17307692
A13: Base doble | B13: =+'2024-2025'!C18 -> 700 | C13: =+'2024-2025'!D18 -> 1600 | D13: =+'2024-2025'!E18 -> 2500 | E13: =+'2024-2025'!F18 -> 3400 | F13: =+'2024-2025'!G18 -> 4300 | G13: =+'2024-2025'!H18 -> 5200 | H13: =+'2024-2025'!I18 -> 6100 | I13: =+H13/'2023-2024'!I17-1 -> 0.17307692
A16: PESCA POR DÍA | B16: $
A17: 1/2 DÍA | B17: 300000 | C17: * 4 HORAS DE PESCA. INCLUYE SNACKS Y BEBIDAS NO ALCOHÓLICAS.
A18: DIA COMPLETO | B18: 450000 | C18: * 8 HORAS DE PESCA. INCLUYE BOX LUNCH.
A20: 20% Comisión Venta Nacional
A21: 20% Comisión Venta Internacional
